bedrooms,bathrooms,sqft_living,sqft_lot,sqft_basement,yr_built,price
5,2.5,3650,9050,280,1921,2384000
3,2.25,2000,8030,1000,1963,420000
4,2.5,1940,10500,800,1976,550000
3,2.5,2430,88426,860,1985,452500
4,2.5,2920,4000,1010,1909,1400000
3,1.75,2330,14892,360,1980,588500
3,1.75,2240,10578,690,1923,750000
3,2.25,1750,1572,280,2005,626000
4,1.75,1600,6380,470,1959,495000
3,2.5,2090,10834,730,1987,285000
3,1.75,2360,7291,1000,1948,615000
4,2.25,2200,11250,900,1920,698000
3,2.5,2600,4750,900,1951,790000
4,2.5,2860,3345,670,2004,499950
4,2,1820,5000,180,1945,650000
4,2.5,3630,42884,1330,1979,400000
3,3,1850,19966,760,1992,287200
3,2,1960,13100,310,1957,403000
3,2.5,2390,6550,950,1955,750000
3,2,2710,4500,830,1929,805000
5,2.5,2210,9655,750,1976,470000
4,1.5,1920,10000,850,1954,430000
3,3.25,1320,1327,280,2008,385000
2,2.5,1630,1368,350,2009,295000
4,3.25,2730,54014,1170,2007,625000
3,2.5,1650,14054,520,1986,379880
3,2.5,2200,7350,630,1988,365000
4,2.5,2530,9933,520,1990,331950
3,2.5,2850,7130,860,1980,783500
4,2,2280,6010,1140,1900,628000
2,3,1270,1175,160,2000,531000
4,3,2170,4000,560,1982,831000
4,2.5,2120,10202,500,1960,755000
4,2.25,1990,7712,780,1973,627000
2,1,2540,7000,1220,1942,580000
3,2.25,1800,36704,440,1978,410000
4,3,2340,7048,1000,1979,485000
2,3,1410,1240,270,2006,405000
3,1.5,2160,9000,760,1949,650000
6,1.75,2920,5000,140,1908,823000
3,2,2350,5700,540,1939,770000
3,1.75,1560,5520,780,1944,524000
5,2.75,2740,8426,1370,1960,541125
5,2.5,3090,12750,1340,1968,384900
5,3.5,4010,8510,1160,1971,1395000
3,2.25,2010,6000,680,1975,570000
5,2,1840,9240,300,1942,435000
4,1,2070,7519,910,1963,501000
4,1,1390,4240,340,1924,657100
5,1.75,2550,71874,740,1960,525888
5,2.75,3190,16920,1500,1976,1030000
4,1.75,1970,9389,830,1960,379950
7,8,13540,307752,4130,1999,2280000
3,1.75,1880,6360,840,1945,600000
3,1.75,1920,9306,920,1984,245000
5,2,2050,10200,620,1956,210000
2,1,1770,8640,250,1949,585000
4,1.75,2300,11700,340,1977,615000
3,2,1800,5000,720,1942,618500
4,1.75,2010,9211,540,1977,487585
4,4.25,4420,5750,1010,2006,890000
3,2.25,1620,998,80,2010,415000
5,3.5,4490,6000,1290,2006,890000
4,2,1440,7680,240,1971,397000
3,1,1350,7740,490,1947,353000
3,1.75,1490,8366,480,1975,234000
3,1.75,1580,8151,480,1962,279900
3,1.5,1630,7475,470,1940,650000
4,2.75,3370,8103,1400,1970,1135000
4,2.5,1890,6156,910,1980,325000
4,2.25,2810,23400,1100,1958,407000
3,2.25,1640,14374,500,1963,362000
4,1.75,1500,11600,500,1955,379900
2,2.25,1230,929,210,2004,460000
5,2.5,2240,7770,900,1978,455000
4,3,2450,10117,870,1967,610000
4,3,3100,15480,700,1996,563000
4,2,2060,5000,1030,1949,612500
3,1.75,1850,7684,530,1979,218000
4,1.75,1840,10720,880,1958,404000
3,1,1510,6083,650,1940,313950
3,1.75,2130,6500,960,1954,575000
4,2.25,3490,6906,1210,1928,1225000
4,2.25,2260,29930,860,1977,599000
4,3.25,3760,10920,1360,1950,1580000
5,2.5,2910,9636,1220,1964,530000
3,2.5,2970,11985,1200,1995,525000
2,1.75,1660,6000,500,1942,484000
5,2.75,1800,3780,400,1926,533000
3,1.75,1900,5520,620,1982,385000
3,1.75,1690,7735,630,1976,197000
3,2.25,1980,8000,420,1974,295000
2,1.75,1170,2400,430,1903,499000
3,2.5,2200,1970,590,2008,1050000
5,3.75,2890,5000,1580,2006,390000
5,5,4490,10279,560,2013,1800000
5,2.25,2060,8632,1030,1962,255000
3,2.75,1540,6760,330,1980,503000
3,1.75,1840,10723,620,1974,310000
3,2.75,2520,5401,1160,1946,750000
9,4.5,3830,6988,1380,1938,599999
4,2.75,2410,9549,630,1956,758000
3,1.75,2070,37904,650,1973,310000
3,3,4120,60392,940,1994,560000
7,4.5,6210,8856,1450,1910,3200000
3,1.75,1580,9147,370,1967,515000
4,2.75,2600,6050,640,1949,749950
3,2,2350,5080,570,1929,568000
1,1,1100,4373,280,1947,250000
4,2,2510,13695,1230,1961,581000
3,2.5,2460,108900,600,1977,600000
5,2.5,2420,8560,800,1978,352000
3,1.75,1960,4788,870,1920,599000
4,2.5,3305,16164,1060,1922,492000
2,2.25,2550,5663,830,2011,630000
5,3.75,4130,226076,960,1985,900000
4,1.5,2310,13300,420,1950,1110000
4,2.5,2650,4316,1130,1905,705000
4,2.25,1890,5940,420,1963,940000
3,3,2270,5175,140,2002,640000
3,2,1610,4160,600,1917,485000
2,1,1640,17335,800,1978,379500
3,3,2960,5500,520,1937,1340000
3,1.75,1500,6180,440,1947,440000
3,1,1340,4284,260,1910,530000
3,2,2540,7200,940,1905,775000
3,1.75,1640,10762,510,1988,226500
5,1.75,3000,6000,1500,1958,380000
4,2.75,2140,13000,820,1968,409500
3,2,1760,6428,780,1942,690000
4,2,2210,8556,1000,1954,794154
3,1.5,1260,1270,220,2005,245000
5,4.5,4270,8076,870,2007,1532500
5,2.75,2410,5003,1000,2008,365000
2,1,1540,6872,720,1946,615000
5,2.5,3160,11470,1380,1971,980000
4,1.75,1730,8320,500,1977,258000
3,1,1670,4080,500,1967,533000
5,3,3040,9601,1070,1968,830000
3,1,1250,4620,100,1900,712000
3,2.5,1960,8000,670,1977,402000
2,2.5,1360,1349,310,1997,553650
4,1.5,2130,8800,1030,1962,260000
2,1.75,2200,89298,1100,1973,295000
3,2.5,1940,8547,480,1989,266000
4,1.75,2060,26036,900,1947,647500
4,1,3410,5000,1220,1910,1039000
4,1.75,2480,9195,1090,1950,780000
3,1.5,2240,87625,760,1980,335000
3,1.75,1890,9920,660,1944,385000
4,1.75,2250,13515,100,1940,350000
2,1,1270,3008,620,1923,235000
4,1.75,2000,6120,900,1965,228000
4,1.75,1840,9600,620,1967,538000
3,1.75,2430,12757,1090,1952,1500000
4,2.75,2280,2850,740,1930,530000
3,1.75,950,6000,160,1939,230000
5,3.25,2800,3200,890,1932,1307000
6,2.25,2820,15600,850,1940,543200
4,3.25,3820,24166,510,1990,1250000
3,2.5,1540,1614,70,2008,413450
3,3.25,2640,4080,800,1912,930000
2,1.5,1110,957,180,2005,499000
4,3.5,3810,13592,1250,2013,839900
4,1.75,1750,5500,700,1926,460000
3,3,2480,45302,860,1976,610000
3,1.75,1390,8700,550,1912,280950
4,2,1650,6000,650,1959,445000
3,2.25,1445,1606,145,2003,387000
2,1,1840,3300,710,1910,490000
4,2.75,1970,7213,800,1977,323000
4,2.75,3720,9450,1760,1962,1370000
4,2,2190,14439,1010,1977,280000
3,2,1920,8075,410,1969,260000
4,4.25,5860,52889,950,1996,1157200
4,1.75,2000,4000,550,1926,536500
5,3,3480,57499,1140,1976,532000
4,2.75,3100,3773,1100,1919,742500
3,2.5,1420,14850,400,1963,260000
4,2.25,1930,7452,500,1984,312000
3,2.25,1660,10140,290,1980,566000
4,2.5,2000,13300,800,1968,290000
4,2.25,2130,8078,750,1977,311100
3,1.75,1750,11340,450,1987,491300
5,1.75,2320,8100,1160,1956,315000
2,1,1420,81892,240,1956,360000
4,2.5,2830,20345,850,1979,782000
3,1,1030,6127,150,1947,252500
5,4.5,5190,23716,1800,1987,1702500
2,2,1150,6634,290,1940,445000
4,3.5,2730,3047,330,2006,769900
5,6.5,7270,130017,850,2010,2238888
3,2.25,998,904,200,2007,324000
5,2.75,3060,7015,1460,1979,549900
4,2,2520,6000,1120,1921,875000
4,1,1940,9533,860,1962,265000
3,2.5,1350,1250,80,2006,394950
3,2.5,1370,1350,360,2007,368000
4,4.5,5420,101930,1530,2001,1225000
3,2.5,2010,2287,620,2014,453246
2,2.5,1230,1391,360,2004,490000
4,3.25,4700,38412,1280,1978,900000
2,1,1220,2500,450,1910,255000
5,2.75,3650,20150,1290,1975,1575000
3,3.25,2170,12508,520,1928,876650
4,2.25,2540,228254,1090,1990,540000
4,2.5,2980,4930,90,2000,750000
4,1.75,2120,4650,930,1951,582000
4,3.5,3460,3997,900,2004,1315000
5,3,2480,10090,1180,2004,372500
4,2,1730,5500,720,1943,360000
3,2.5,2920,34527,1120,1954,1015000
5,3,4530,258746,1330,2003,950000
3,2.5,1040,2643,320,2004,210000
4,2.25,1800,8623,440,1980,522000
3,1,980,6380,220,1941,499950
5,3,2100,7715,850,2013,330000
3,1.5,2020,11358,830,1956,465000
4,2.5,2350,3150,660,1910,870300
4,3.25,3680,5759,840,2003,788000
3,1.75,1440,8040,480,1951,315275
4,1.75,1940,4800,910,1922,505000
3,2.75,2980,27144,800,1917,947500
4,3,2110,5000,470,1930,610000
3,2,2700,6120,1350,1962,910000
5,1.75,3380,20021,1690,1963,1346400
4,2.75,2600,2750,980,1936,840000
2,1.75,1360,8100,500,1975,300000
4,2.5,2780,6369,1190,1978,505000
4,3,2400,3340,1200,1964,675000
4,2.5,2760,5000,1080,1928,734200
4,2.25,3070,16028,1200,1976,1225000
2,2.5,980,895,310,2009,369000
4,3.25,3270,5187,160,2014,1033888
4,3.75,3280,11000,960,2008,1050000
3,3.5,1810,1846,370,2009,625000
5,4.75,3830,35000,1700,1976,480000
3,2.25,2350,10450,960,1977,460000
4,2.25,2510,8165,900,1972,267345
3,2,1770,6610,810,1954,449500
3,3.25,3610,59677,1170,2003,777000
4,2,2250,7500,1050,1956,550000
4,2,2260,6000,830,1958,628000
4,1.75,2090,8164,1020,1963,581000
5,1.75,2020,7902,800,1962,245000
3,1.75,1960,5000,980,1911,415000
3,2.25,1490,9600,320,1987,287000
6,3,2890,2370,600,1906,799200
3,1.75,1680,2400,810,1922,591000
4,2.5,3740,8700,1480,2004,475000
3,1.75,1580,11750,400,1951,575000
3,2.25,1780,6120,390,1927,771000
5,2.5,3400,8970,1700,1959,464000
4,2.5,5300,26211,730,1923,2555000
3,1.5,1310,3880,220,1956,717000
3,2,1480,6600,740,1943,385000
4,2.5,3560,11119,1270,1986,860000
3,1.75,1650,8254,590,1951,370000
3,2,1940,5820,790,1944,665000
5,3,3410,9600,1540,1968,675000
4,1.5,2740,4000,810,1905,1105000
3,2.75,1250,892,210,2010,450000
4,1.75,1950,13320,580,1969,635000
5,2,2290,7125,1100,1964,580000
5,3.25,3370,17458,1370,1982,1550000
4,1.75,2180,13529,1090,1956,405000
4,1,1410,6000,600,1925,413000
5,3.25,4860,23723,1040,1989,1680000
3,1,1660,7210,560,1963,225000
3,3.5,2876,5086,516,2007,525000
3,2.5,1580,1161,570,2008,525000
4,2.5,3520,6773,870,2006,870000
3,2.5,1450,5008,610,2007,330000
4,1.75,1620,4980,760,1947,385000
3,1.75,2000,5000,890,1921,546000
4,1.75,1900,8250,950,1955,542000
5,2.5,2540,3832,780,1929,620000
5,5,5774,31675,1284,1984,740000
3,1.75,2170,26460,720,1986,510000
3,2.5,1780,7214,380,1986,266000
3,2,1850,8250,700,1952,257200
3,1,1290,5500,310,1951,372220
5,2,1700,7314,700,1956,337500
3,2.5,1690,1618,540,2014,372977
3,1.75,1400,3825,300,1904,538000
3,1.5,2360,6750,430,1926,702500
3,2.5,2090,7640,730,1962,543000
4,1.75,2010,8625,670,1957,364000
4,2.5,2150,39449,730,1978,486000
4,2.25,2060,5649,700,1941,715000
3,1,1660,7500,600,1940,458000
2,2,2370,217800,770,1992,543000
5,3,2257,10117,894,2005,349950
4,2,1630,9010,580,1975,234000
5,1.75,2220,6000,800,1923,607500
2,1,980,2130,120,1918,400000
4,2.75,2270,7375,980,1973,498000
4,3.5,4910,9444,1800,2007,1222500
3,2,1650,7352,490,1979,252350
4,2.75,2550,7636,1110,1986,582800
4,1.75,2020,7865,1010,1963,302000
4,1.75,2930,11562,1260,1947,840000
3,2.5,1870,7344,400,1980,455000
3,2,1400,7384,250,1979,225000
2,1,1490,6000,400,1946,575000
5,4.25,3920,16258,1020,1990,1000000
4,3.25,2740,7266,680,2003,689900
4,1.75,1890,8000,640,1960,375000
7,3.5,2870,29699,1350,1961,475000
3,1.75,1790,6117,440,1940,790000
3,1.75,1680,250470,610,1940,350000
3,2.5,4560,17622,760,1986,695000
4,3.25,3740,12080,1740,1988,1085000
3,2,1400,6200,700,1948,240000
4,2,2050,4000,840,1941,495000
4,2,2560,7798,670,1947,640000
4,1.75,1880,7303,870,1976,423000
4,1.75,2290,10290,950,1960,343000
3,1,1660,6582,660,1946,467000
4,2.5,3020,17810,1420,1979,575000
3,1.75,1960,8136,980,1948,340000
5,3.75,3580,14275,390,1999,765000
4,3.5,3930,5680,1110,2013,828950
3,2.25,1490,974,270,2009,312000
3,1.75,1560,4049,560,1926,451000
3,2,1760,11410,700,1977,317000
4,3.25,3120,5000,750,2005,799000
2,1,2020,7200,320,1947,720000
4,2.25,1860,7000,740,1979,239900
4,2.25,2270,7800,980,1977,446000
4,3.5,1850,6519,720,1986,248000
3,1.75,1180,10541,240,1981,385000
4,1.5,1370,9957,470,1972,370000
3,1,1260,6826,540,1944,342000
3,2,2050,3933,870,1926,724800
3,2,2180,5440,1080,1904,785000
3,2,1900,6660,950,1966,250000
3,2,2220,6641,1000,1947,875000
3,2.25,2060,38377,500,1978,306500
3,2.25,1720,4000,270,1921,620000
3,2,1020,1204,300,2004,238000
3,1.5,1100,1751,160,2007,375000
3,2.25,1440,7673,500,1982,249000
5,1.75,1730,5200,680,1978,205000
5,4.25,6490,10862,2550,1991,2000000
3,2.25,1410,1377,120,2005,377500
3,2.5,1480,1663,300,2012,341000
4,3,5520,8313,1950,2008,1270000
2,2.5,1310,1500,150,2006,500000
3,2,1700,4250,810,1944,410000
4,2.5,2060,7475,620,1985,575550
3,2.5,2130,3500,920,1994,534640
3,2.25,1410,14110,240,1987,352500
2,2,1360,4688,580,1944,488000
2,1,1490,3825,630,1929,475000
4,2.5,3190,8684,1510,1967,1216000
4,2,1690,3250,140,1901,487250
4,2.75,2070,9300,950,1945,366500
3,1.5,1710,4500,300,1928,462000
4,1,1660,4690,400,1945,560000
4,1.75,2080,13629,1040,1955,285000
5,2,3370,5000,1230,1907,762000
4,2.5,3060,10043,1360,1968,475000
3,2.5,1690,1613,540,2014,386591
3,1.75,1890,3825,600,1974,524950
4,2.75,2730,3560,1180,1921,885000
3,2.75,2170,7900,790,1978,296500
3,2.25,2030,7350,840,1977,588000
3,1,1500,4100,130,1926,485000
3,2.25,1450,1445,470,2005,482500
4,1.5,1310,8250,250,1953,251200
5,3.25,4180,49222,1300,1979,869000
4,1.75,2310,8045,660,1976,319950
3,1.75,2010,4905,780,1912,700000
2,1.5,1660,4680,830,1908,368000
5,2.75,2190,12687,820,1978,446000
3,2.25,2030,9791,530,1984,572500
3,2.5,1680,2096,300,2008,518000
4,3,2240,6000,970,1914,1190000
3,3.5,2320,3174,260,1997,530000
5,3,2100,9752,900,2007,298450
4,3.5,2680,10000,640,1942,520000
2,1.75,1480,5120,640,1951,483945
4,2.25,1770,33132,580,1965,390000
4,2,1960,7560,800,1978,250000
2,1,1770,5522,810,1943,243000
4,1.75,1280,6060,420,1926,575000
2,1,1790,4000,750,1923,710000
4,2.75,2820,13193,960,1965,615000
3,1,1910,8190,900,1946,490000
3,2.25,1270,1213,230,2005,467000
4,2.75,2050,3960,870,1986,480000
6,2,2150,4505,880,1952,755000
4,1.75,2450,13300,820,1987,760000
2,2.25,1230,1280,270,2012,387000
2,1.75,1540,4025,350,1908,570000
1,2.25,2140,10350,670,1976,458000
4,3.5,4560,16643,2330,1995,1212500
3,2.25,1400,31626,260,1987,315000
4,2,2850,7861,1400,1970,1275000
3,1,2120,7735,1060,1967,300000
4,2.75,2620,13777,900,1926,978000
6,3,2880,3192,700,1919,1125000
3,1.5,1650,9936,560,1967,219950
4,1.75,2180,28710,1000,1950,210000
4,3.5,4460,16953,1910,1962,1800000
3,1,910,8000,170,1950,299950
4,2.25,2560,12100,800,1976,765000
4,1.5,2500,6300,1000,1961,250000
4,1.75,1650,7775,500,1950,475000
3,1.75,3400,8965,1580,1957,1690000
1,1,820,1060,60,2007,194000
3,2,2020,8118,1000,1963,507500
4,2.25,1870,9680,700,1959,325000
4,2.5,1600,6765,770,1947,329000
4,1.75,2090,4300,840,1925,494000
4,1.75,1940,6909,970,1941,423000
4,2.25,3500,13875,1670,1938,879950
3,2,2010,251341,500,2003,439000
3,1.75,1690,1468,310,2008,380000
3,2.25,1970,2377,290,2008,415000
4,3.5,3120,5086,640,2008,953007
5,3.5,4460,2975,1180,2013,490000
2,2.5,1590,2656,370,2009,305000
4,3.5,3070,4684,880,2009,785000
3,1.75,1380,7350,390,1981,195000
4,3.25,3660,5800,300,1909,1506000
4,2.25,2080,12007,860,1979,442000
4,2.25,2750,6180,1250,1948,635000
3,2.75,2100,10362,590,1998,525000
4,2,1790,2250,950,1909,475000
3,2,1540,7947,420,1961,385500
5,3,2876,13927,906,1973,895000
3,1.75,1390,10905,530,1957,270000
3,3.5,2380,6250,710,1997,495000
5,3.25,3010,1074218,1000,1931,542500
4,2.75,2290,6120,120,1926,1003000
4,2.75,2550,8632,850,1972,691000
3,1.75,2470,9620,900,1962,405000
2,0.75,850,7710,300,1909,360000
3,2.5,1990,8991,420,1969,256750
3,2.5,2420,49928,560,1985,429000
4,2.5,2340,6420,750,1964,668750
4,2.75,1800,5453,750,2002,344500
4,2,1660,6150,810,1945,452000
2,1,1030,4841,110,1939,535000
4,3.25,2790,5420,1660,1963,970000
2,1,1200,4000,130,1940,450000
3,1,1450,4000,500,1948,525000
4,2.5,3240,3600,1180,2008,1220000
3,2,1470,1691,470,2007,540000
3,2.25,1445,1471,145,2003,389999
3,1.75,2380,6000,1060,1935,285000
4,3.5,2350,13402,680,1994,655000
5,3.75,5330,6000,1760,2006,950000
5,4.75,5305,8401,1560,2005,2700000
3,4,3880,13095,180,2009,1030000
4,3.25,3810,8519,1130,2007,1130000
3,3,1960,1168,360,2007,556000
1,0.75,1170,14149,290,1962,275000
3,2.5,3160,12824,1340,1966,1600000
3,1.75,2060,12558,710,1984,625000
2,1.75,1560,1750,780,1904,494400
4,1.75,3000,42200,1500,1950,585000
3,1.75,1650,5100,610,1908,600000
4,3,3220,8936,770,1990,430000
4,2.75,2750,14982,1030,1981,604700
3,2.25,1470,1578,380,2007,432000
4,1.75,2200,8100,800,1942,305000
2,1.75,2860,59612,1350,1948,503000
4,1.75,2740,8520,1370,1954,657000
4,2.75,2570,7264,850,1998,254500
4,2.25,2350,8140,920,1977,555000
4,3,3600,9200,1500,1976,1075000
4,2,1580,8000,540,1967,245000
3,2.75,2890,12130,60,1987,1170000
2,1,1400,4500,500,1922,180000
4,3.25,3340,10890,1100,1963,910000
6,4.5,6040,219542,1940,1996,1150000
3,3.5,1900,1612,470,2008,431500
4,1.5,1740,7292,720,1962,180000
3,2,2000,3207,900,1916,677000
3,1.75,1610,7200,520,1973,1180500
4,2.5,3240,13978,1380,1977,635700
5,2.25,2230,9600,910,1978,482000
4,2.75,2410,6000,1000,1950,805000
4,3,2170,8240,800,1968,592500
2,2.5,1230,987,170,2011,380000
4,1.75,2260,7005,1130,1947,648360
3,2.75,2200,14925,1100,1982,432000
3,2.25,998,844,200,2007,320000
2,2.5,1520,1588,280,2007,430000
3,1,1670,4005,500,1939,460000
3,1,1920,6862,800,1952,325000
4,3,3680,5854,1620,1967,980000
4,2.25,2530,9200,960,1976,902000
4,2.5,1810,39639,580,1970,235000
2,1,1680,6500,540,1941,515000
3,1.75,1680,3420,720,1992,526000
5,1.75,2120,8399,800,1942,377691
4,2.75,2250,5700,1050,1951,648475
3,1,1800,5612,600,1942,383000
3,2.75,1960,2500,550,1926,599000
2,1.5,1030,4500,200,1924,595000
4,1.75,1830,9600,820,1966,433000
4,2,3510,12905,1300,1965,554820
4,3,3370,7920,1510,1988,1325000
3,1.75,1620,7540,310,1988,258000
4,4,2290,6250,600,1940,661254
4,2,2840,13367,1420,1952,945000
3,1.75,1620,8645,430,1973,467100
4,3.5,4390,11600,1330,1990,1610000
3,1.75,1620,3975,680,1926,641000
4,2.5,1750,8476,510,1983,335000
4,2.5,2560,10400,1280,1965,440000
3,1,1430,5000,350,1919,552000
4,1.75,1814,5000,870,1951,530000
3,1.75,1300,2580,480,1919,462000
3,2.75,1800,9550,480,1966,665000
3,1,1500,3920,500,1947,606000
4,2.5,2210,6080,800,1965,334000
2,1,1140,1730,130,2007,235000
3,2.5,1620,1173,150,2008,580000
4,1.75,1960,9300,620,1979,372000
4,3.5,2630,3435,990,1984,325000
3,3,2980,28000,1160,1981,675000
2,1.5,2730,19877,1160,1976,460000
3,1.5,1690,9144,550,1956,379950
2,1,1160,6000,300,1942,468000
4,2.5,2920,7200,1450,1921,1050000
4,3,3000,4000,1030,1913,688000
3,2.5,1440,7741,440,1983,265000
4,3.75,3070,5850,670,1927,1570000
4,2.5,2680,7200,1300,1952,800000
3,1.75,1980,8100,670,1949,405000
4,2.5,2870,9292,330,1979,399000
3,2,1840,4750,830,1951,730001
4,2,2330,6250,930,1941,344950
3,1.75,1840,4030,790,1925,457500
5,2,2330,10750,1140,1962,389000
3,2.5,2330,1987,920,2004,732000
3,2.25,1950,8868,600,1964,415000
4,3.5,3080,4815,780,1937,1655000
5,3,2750,3800,1000,1926,525000
3,2.75,2640,4050,890,1926,1100000
4,2.5,1850,50662,420,1978,830000
4,2.25,1940,9144,510,1956,495000
5,3,2840,7199,1130,2003,292050
5,1.5,1900,10226,770,1961,415000
5,1,1410,6400,450,1955,295832
3,3.5,1820,1501,390,2014,499950
3,1,1600,5952,450,1964,329000
3,3,2520,2152,960,1925,780000
2,1.5,1180,844,190,2005,345000
3,2.5,1680,15711,440,1994,282000
3,3.75,3250,5797,880,1951,967500
3,1.5,2000,7294,480,1965,375000
3,1.75,2310,78844,550,1977,527500
3,2.25,2510,6339,700,1932,994000
4,1,2100,9288,1050,1968,305000
3,1,1200,6250,280,1943,280000
3,1.75,1670,7415,350,1987,274950
3,1.5,2500,4774,1050,1940,725000
4,2,1930,6600,900,1967,268000
4,3.5,3400,234352,900,1991,475000
3,3.5,1600,1431,360,2006,460000
2,2.25,1280,835,200,2009,370000
4,3,5940,11533,990,2004,1149000
3,3.5,2710,3475,1060,2005,627000
4,1,1660,34848,730,1933,550000
4,2.5,2230,10414,780,1974,544500
4,2.75,2020,2750,1010,1917,599000
2,1.75,2080,4800,1000,1923,740000
3,2,2030,24829,810,1979,225000
3,2.5,2690,7000,850,1943,925000
4,2.5,3240,10800,980,1946,1285000
4,2,1480,3132,740,1910,335000
4,2.75,3040,2800,940,1906,840000
3,1.5,1560,7300,520,1964,224000
5,1.5,2680,28014,1230,1963,898000
3,2.5,3160,4270,510,2006,555000
3,1.75,1980,5100,710,1965,432500
6,3.25,4250,23326,2100,1967,465000
3,2.5,1970,23180,870,1937,1175000
2,2,1700,3171,850,1927,189000
6,2.75,3610,17580,1540,1959,968000
4,3.25,2980,7000,840,1900,1400000
4,2.75,3650,6982,1120,1951,1210000
3,1.75,1490,9800,350,1947,745000
3,2,2520,5400,1110,1906,840500
3,1.75,1820,22320,570,1977,420000
7,4.5,4140,9066,2070,1978,565000
3,1.75,1580,7416,430,1967,600000
2,1,1270,3200,310,1920,355000
4,1,1450,6250,460,1964,277000
4,2.25,1830,9485,630,1989,236000
3,1.75,1300,4127,650,1918,270000
2,1.75,2320,5500,600,1925,700000
4,2.75,1680,9545,600,1979,425000
3,2.5,2300,5500,300,1921,635000
3,1.75,1400,4000,530,1951,510250
4,2.25,2410,4560,610,1929,960000
5,2,1940,6000,970,1945,580000
8,3.5,4440,6480,1300,1959,1970000
4,1.75,2330,4000,1030,1924,840000
3,3.75,3890,7140,1500,1943,430000
4,1.5,2040,8800,1020,1961,510000
3,2.75,2280,4280,1000,1917,875000
4,3.5,4490,5099,1100,2006,700000
4,3.25,4700,9160,2180,2005,1400000
4,2.5,3753,7204,417,2008,363000
4,3.5,3910,8095,780,2007,782000
4,2.25,2590,10002,1250,1968,452000
4,2.25,1720,9753,600,1978,264950
6,2.5,4410,14034,2060,1965,472000
3,1.75,1590,11914,500,1957,267500
3,2.5,1360,1016,50,2003,535000
4,1.5,1390,7200,250,1965,400000
4,2.25,2280,6660,320,1940,820000
2,1,1260,5000,220,1951,436500
4,3.5,4730,13586,460,1935,2453500
3,2.25,2330,4000,810,1927,680000
5,3,2170,2440,720,1911,750500
5,2,2450,9488,1210,1900,550000
4,1.75,1880,7632,700,1978,266500
4,2,2300,3400,750,1915,619000
5,3.25,2900,12160,1010,1967,790000
4,2.75,1240,3867,440,1987,400000
4,2,2240,7725,1120,1956,450000
3,2,1480,5000,730,1928,595000
3,2.25,2270,8876,890,1977,332000
3,1,1250,6250,220,1949,155000
5,2,1930,9747,910,1962,400000
4,1.75,1700,7800,580,1981,349000
5,1.75,1880,10000,920,1963,405000
4,1.75,1640,4240,720,1921,635200
3,1.5,2600,5085,1200,1940,540000
6,4.25,6980,15682,1650,1999,3100000
3,1.5,1460,5040,360,1971,329932
4,1.75,1990,4725,800,1944,445000
3,3,2600,5238,710,1989,525000
3,1.5,2240,3800,870,1929,510000
4,2.25,1960,8680,670,1959,723000
3,2,2590,108900,610,1988,503000
3,1,2110,10005,1000,1924,475300
4,4.25,4960,6000,1280,1909,1425000
3,1.75,1940,7313,500,1960,685000
3,3.25,1730,1229,410,2008,645000
3,1.75,1680,3000,840,1900,425000
4,3.25,4140,20734,840,1977,2400000
3,2,1550,8509,400,1959,369000
6,2.75,5700,20000,2850,1977,1385000
2,2.5,1740,2500,530,1994,650000
4,3.25,4240,25639,690,1989,625000
3,2.25,1590,11745,500,1978,190000
4,1.75,3420,7200,1650,1947,715000
4,2.5,3190,11375,980,1946,659000
3,1.75,1920,5405,960,1947,490000
3,1.75,1700,8400,240,1947,750000
4,2.5,2310,3570,820,1927,700000
3,1.75,1510,44000,270,1989,425000
4,2.25,2060,8470,620,1983,655000
5,2.5,3090,23265,100,1957,458000
4,1.75,2500,92347,1000,1970,950000
4,2.25,1820,20349,480,1977,465000
3,2.25,1820,8058,560,1974,425000
5,3.75,3990,18897,900,1937,740000
2,1,1880,7560,940,1919,280000
3,1.75,2580,11000,1290,1951,459900
4,2.75,2600,4674,1040,1976,750000
4,3.5,5550,28078,2200,2000,3710000
5,2.75,2220,4000,990,1973,427000
4,3,2840,4120,780,1931,735000
3,2,1330,6000,700,1900,240000
4,2,2340,50233,1170,1966,568000
3,1.75,2180,10230,1090,1961,325000
4,3.5,3760,5000,900,2014,919204
3,1.75,1620,7330,530,1974,459000
3,1.75,1790,12000,750,1960,243000
4,3.5,3480,7232,900,1926,1505000
5,3,3640,8239,1100,1982,1595000
3,1.5,2030,8880,700,1963,404000
3,2.75,2930,5569,1070,2004,559900
2,2.5,1380,1073,240,2011,285000
3,2,1720,5525,760,1941,500000
2,1,1210,4800,150,1950,380000
2,1.75,1710,4234,380,1920,405000
3,2,1760,5000,800,1920,629000
4,2.5,2460,5000,840,1938,965000
3,1.75,2160,6272,770,1960,820000
4,2.25,1990,4600,570,1932,661000
4,2,1850,7560,310,1978,250000
4,3.5,4370,8510,760,2003,1965221
2,1,1110,6800,110,1947,440150
2,1,1170,6000,200,1941,455000
3,2.5,1960,7200,980,1940,635000
3,2.25,2130,8721,560,1987,316000
3,2.25,3020,43560,300,1969,955000
3,1.75,1890,7004,600,1965,465500
4,2.5,2430,14400,760,1963,645000
4,2,2360,6000,1100,1939,730000
3,2,1750,15500,260,1982,472500
4,1.75,1790,11875,300,1969,410000
4,2.75,2340,11034,620,1967,440000
4,3,4500,21780,1460,1980,870000
3,1.75,2770,39927,1190,1978,492000
5,2.5,3020,21441,1510,1978,320000
3,1.75,1990,5650,670,1963,345000
3,1,1450,8820,400,1958,274950
2,2.5,1175,1366,435,2005,342000
5,2.5,3990,3839,2000,1962,610000
2,1,1140,5720,290,1947,455000
4,1.75,1720,4240,260,1925,540000
4,2.75,2150,9915,910,1976,411000
3,2.75,2180,7519,870,1981,568500
3,2.25,1410,1290,120,2004,391000
3,2.5,1495,936,90,2006,400000
3,2.25,1660,6000,550,1979,425000
3,1.75,1370,3850,600,1911,850000
4,2.5,2200,4000,770,1908,930000
4,2.25,2220,8872,1110,1961,495000
3,1.75,1620,4200,790,1945,500000
4,2.5,3030,9687,1010,1998,471000
3,2,1440,5600,720,1942,230000
4,2.5,2170,9600,710,1980,550000
4,3.75,2930,3200,800,1925,1100000
3,2.75,2390,9313,1000,1942,689800
3,2,1360,5120,450,1924,430000
3,2.25,1840,3500,300,1910,785200
3,1.75,2220,132858,1110,1988,435000
5,3.5,3490,9680,1030,1980,941500
2,1,1230,6600,100,1906,440000
3,2.25,3800,33825,470,1976,575000
5,2.75,2040,7488,840,1969,449500
3,2,2140,4923,1070,1928,710000
3,1.75,1660,9600,280,1981,420000
3,2.25,1540,5338,770,1954,312000
3,2,1880,10758,940,1952,320000
4,2.25,3720,12384,1860,1970,875000
3,2.25,1870,9000,430,1978,425000
3,1.75,2000,10182,600,1963,560000
5,2.5,2070,12000,730,1967,613000
4,3,4590,9150,1100,1981,960000
2,1.75,1220,5000,360,1921,253000
4,2.25,1790,7203,680,1973,430000
3,2,2060,4040,940,1947,605000
6,1.5,2550,33740,800,1958,375900
3,1.75,2880,18296,1300,1958,285000
4,2.5,1960,14242,670,1958,600000
3,3.25,1530,1602,390,2013,320000
4,1.75,2200,7475,1100,1955,375000
3,1.75,1460,10584,470,1997,240500
3,1.5,1650,9380,520,1978,320000
5,2.5,3200,17204,1040,1952,1270000
3,2.25,2080,4252,530,2003,270000
3,1.75,2640,8000,1320,1960,1025000
3,2.5,1720,8755,720,1983,275000
5,3.5,3880,13885,1340,1979,1126000
3,1.75,2090,4725,480,1947,865000
2,1.75,1500,6800,590,1942,437000
5,3.25,3410,9088,650,1912,2400000
3,2.25,1500,7615,350,1984,219950
4,1.75,1720,7200,500,1974,161700
5,2.5,2650,11455,1250,1961,565000
3,2,1990,3990,860,1912,760500
5,2.75,2660,8737,1190,1969,1100000
4,2.5,4060,9734,1910,1977,603500
5,2.5,2300,23345,1130,1967,453500
6,2.75,2630,16411,980,1974,583000
4,2.75,2540,7210,940,1979,335000
4,2.25,2500,8500,900,1978,646000
3,2.25,2370,9619,720,1973,746000
4,1.75,2020,7029,590,1979,532000
3,2.5,1520,2208,480,2007,499950
3,2,2260,11305,1130,1986,400000
3,2.25,1830,7897,540,1986,572000
3,2,1350,11150,240,1995,310000
5,3.5,3280,4000,840,2003,989000
3,3.25,4720,32467,1530,1998,860000
3,1.75,1840,5101,800,1952,411715
3,1.5,1020,9072,100,1930,489000
3,1.5,1810,29308,860,1983,261000
2,1.75,1650,4000,700,1947,355000
3,1.5,2080,5244,890,1959,399950
3,2.25,2430,5500,620,1989,791000
3,2.5,1710,2300,140,2005,539000
5,2.5,2730,17240,1070,1958,545000
4,3,4410,5104,1010,2006,765000
3,2.5,1780,1487,180,2006,586500
3,2.5,2680,9750,1070,1979,653000
3,2,1750,9750,400,1961,279950
3,2.75,2390,9966,1030,1977,565000
4,2.25,2400,5350,940,1929,620000
3,1,1690,4250,670,1967,269000
3,3.5,3250,6000,750,2001,875000
4,3.75,4610,40202,2110,1980,630000
4,1,2000,4676,750,1916,450000
5,2.5,2920,5568,600,1906,875000
3,2.75,3150,219978,150,1990,685000
5,3,2440,4750,990,2006,495000
6,4.5,3902,3880,1120,1977,1300000
5,4.75,5180,17811,1110,2001,1075000
4,1.5,1920,10403,550,1959,210000
5,2.5,2490,7666,1000,1989,292000
4,3,1980,7931,820,1983,395000
4,2.25,2070,13084,370,1967,795000
4,4.25,5660,193593,1560,2001,955000
4,2.75,2420,10962,890,1977,725000
4,3.75,2810,10840,740,1994,492000
3,2.5,1510,10384,480,1976,250000
3,1.75,1910,4800,830,1959,700000
4,2.75,2020,10720,600,1976,555000
3,1.75,2340,4206,1170,1917,640000
3,1,1430,3840,480,1945,466500
3,1.5,1180,12324,380,1981,372500
5,4.5,4400,15580,1010,2003,1800000
4,1.75,1830,29110,600,1990,610000
2,1,1190,7408,360,1941,229000
4,3.25,4160,35654,1400,1973,530000
3,3.5,1690,1432,330,2008,499000
4,3.5,3500,8547,1000,1994,799000
4,2.75,2330,7642,530,1990,257000
3,1.5,1890,9450,800,1957,270000
4,1.75,2000,6032,700,1959,453500
3,2.25,1710,11500,500,1978,385000
4,2,2660,3900,1180,1923,886000
3,2.25,1530,1245,480,2014,465000
3,2.5,1480,1485,200,2007,584000
3,3,1390,1080,250,2006,275000
4,2.5,2820,6180,770,2013,735000
2,1.5,1490,4080,560,1956,389250
3,1.5,1750,12500,600,1954,315000
3,1.5,1900,5000,260,1926,550000
3,1.75,1910,12596,570,1977,415000
3,1.75,1470,6250,400,1939,432000
3,2.5,2700,9994,1350,1959,402000
4,3.25,3450,11240,1020,1960,1035000
3,2,1970,9600,670,1967,294700
4,4,4270,6002,1090,2004,1300000
3,1.5,2170,16600,1040,1979,1150000
4,2.75,3270,50994,550,1983,435000
5,2.75,2440,8000,1200,1972,525000
4,2.75,2880,5750,1170,1928,920000
2,1,1730,9610,350,1962,200000
2,2.25,2460,16940,530,1936,1370000
4,1.75,2050,94525,800,1959,455000
3,2.5,2030,2805,310,2001,471000
3,1,1840,8100,920,1953,185000
3,2.25,2270,23900,450,1975,680000
4,2.5,1990,2175,310,2005,595000
3,1.75,1980,3300,840,1926,660000
5,2.5,4600,19831,2300,1956,805000
5,2.75,4400,18500,2150,1963,1120000
4,3.5,3010,3600,640,1999,1280000
3,2,2260,9568,480,1985,539000
4,3,2720,3800,920,1919,739000
2,1.75,1740,5400,750,1946,452000
2,2,1405,1073,265,2007,405000
6,2.5,3820,53173,1780,1974,611000
2,1,1440,3225,480,1915,445000
4,3.25,4420,7850,1270,2001,2700000
5,3,2870,4369,780,2007,540000
3,2.75,3400,7200,930,2009,530000
3,1,1410,5060,500,1956,410000
3,1.75,1640,13500,530,1940,450000
5,3.5,4220,26784,2110,1958,1635000
4,2.5,4250,19387,990,1972,1339000
3,1.5,1860,7963,660,1963,288350
3,2.5,2850,10474,1120,1954,1150000
4,1.75,1920,7665,420,1975,341000
3,2.25,2190,7149,950,1963,539950
5,1.5,2520,5753,1010,1928,250000
3,1.75,2050,3520,980,1977,568000
3,2.25,1890,7200,660,1973,435000
3,1.75,2240,8153,1120,1948,440000
4,2.5,2030,3905,400,1926,831000
4,2.5,2700,5100,1260,1968,550000
4,3.5,3730,15029,1290,1991,599950
4,3.25,2050,5000,680,1987,750000
4,2.75,1990,7252,720,1999,270000
2,1.75,1060,1241,100,2008,352750
4,2.5,2730,4800,500,1909,980000
3,2,1310,2550,530,1986,428000
3,1.5,2070,5386,930,1948,559000
4,1.75,1980,9000,500,1978,213000
3,2.5,2630,10100,1050,1967,852500
3,1.75,2210,16200,820,1958,625000
3,3.5,1500,1249,260,2004,489000
3,2.5,1720,1715,480,2004,398000
2,1.5,1340,1210,220,2008,345000
3,2.5,1480,1590,330,2010,315000
4,2,2750,7807,500,1916,571000
3,1.75,1760,26055,840,1979,225000
3,1.75,1420,7650,320,1984,310000
3,2,2080,3880,920,1954,700000
5,3,3670,10583,1610,1952,569000
6,1.5,1930,8400,900,1971,175000
5,2.25,1970,15247,520,1986,435000
3,1.75,1540,6909,620,1955,345000
4,2,2180,3870,1160,1900,558000
3,2,2220,10275,580,1980,490000
3,1.75,2430,9133,1020,1978,335000
4,1,1120,2685,260,1939,100000
3,1.75,2040,7281,1020,1962,253000
5,3,2830,7500,370,1923,1240000
3,1.75,2290,14800,670,1965,470000
4,1.75,2320,4322,1180,1910,480000
3,1.75,1820,5500,200,1957,659500
2,1,1740,3622,790,1924,315000
3,1.75,1590,7560,460,1984,250000
2,1,1380,5000,510,1943,268000
4,1.5,1680,11123,550,1959,380000
2,1,1220,3000,300,1926,499000
3,3,2940,4622,710,1988,1070000
5,3.25,5270,17232,1260,1977,1795000
3,2,2110,5150,1030,1919,516200
4,1.75,1720,8750,860,1971,385000
4,2.5,3340,12248,870,1998,870000
3,1.5,2010,9480,440,1951,429950
3,3.5,2440,3427,450,2000,710000
5,2.5,2550,20875,940,1953,895000
3,2.5,1780,6771,550,1990,310000
3,2,2180,4976,500,1930,555000
5,3.25,2750,7500,600,1937,750000
3,1.75,1870,7189,600,1959,433000
3,1.75,2050,11856,590,1962,655275
5,3.75,3630,6000,1160,2004,1180000
4,1.75,2440,5000,1100,1954,566000
3,1.75,1760,8400,300,1960,680000
4,2.5,2530,7563,1090,1978,400000
4,2.75,2490,9714,1090,1983,608000
4,4.5,3870,35889,1340,2001,589900
5,2.5,2732,9500,862,1975,480000
5,3.25,3230,3825,750,2014,1059500
2,2.25,1060,1208,120,2005,499950
3,2.5,2070,13241,800,1910,850830
3,1.75,1730,8400,330,1980,522000
4,2,1680,5000,700,1950,588000
6,5,3440,4500,160,2007,495000
6,3,4250,4400,1230,1902,665000
2,1.75,1640,4080,800,1921,527000
2,1.5,1295,1093,190,2007,487028
3,1.75,1790,27427,660,1978,325000
5,4.5,10040,37325,2360,1940,7062500
4,3.75,2690,4000,570,1909,800000
5,3.5,2100,5107,690,1999,295000
3,2.5,3370,19585,170,1951,515000
1,1.75,750,20339,200,1946,355000
4,2.5,3320,11901,670,1977,852600
3,1.75,1720,5899,500,1986,514000
3,1.5,1270,1318,190,2004,386000
4,2.25,2030,13500,800,1963,335000
4,2.75,2490,17833,1000,1979,740000
4,1.75,1470,5350,490,1955,465000
3,2.75,2500,7378,1110,1948,700000
3,3.25,1460,1592,330,2006,350000
3,1.75,1550,3680,500,1927,530000
4,1.75,2460,5100,1010,1909,735000
3,2.5,2180,15693,330,1979,545000
3,1.75,1570,4875,260,1977,214950
5,6.25,8670,64033,2550,1965,2888000
3,2,2060,4437,1030,1929,460000
4,2.5,2090,9702,770,1965,465000
4,2,2090,3610,300,1927,619400
3,1.75,2430,14607,1200,1949,762400
5,3,2510,4125,920,1925,881000
4,2.75,3370,6675,1450,1948,813000
2,1.5,982,846,176,2006,250000
5,2.25,3200,20158,1600,1965,1325000
3,3.5,3950,111078,1490,1989,784000
4,2.5,3140,9225,1370,1966,578000
3,1.75,1970,7972,600,1976,501000
5,4.25,4860,9453,1760,1905,2250000
3,2,2460,6600,1090,1952,678500
3,1,1330,15678,430,1984,405000
3,1,1050,5664,140,1947,445000
3,2.5,1910,1501,380,2007,585000
3,1.75,1800,6000,900,1950,381000
3,1.75,1840,9697,340,1985,235000
2,1,1510,4032,200,1935,575000
4,2.25,2300,4600,960,1904,350000
5,2.75,2820,4608,1370,1967,599000
4,2.5,3200,7500,1340,1948,1184000
3,2,2420,17859,920,1979,795000
5,1.75,2460,6846,1120,1911,445000
3,2.75,1900,6400,490,1942,706000
3,3.25,1651,1779,310,2008,363000
2,1,1430,3000,130,1929,620000
4,2.5,5730,44947,1450,1991,1228000
2,1.5,1630,3780,740,1940,448000
3,2.5,2050,6420,320,1956,670000
5,3,1880,5000,780,1997,310000
3,3,2790,12523,1190,1977,835000
3,1,1710,6556,510,1926,440000
4,2.5,2210,8465,720,1990,294000
4,2,2710,4750,1250,1919,656500
3,3,2340,2970,180,1925,660000
4,1.75,1880,3880,790,1944,560000
4,1.75,1870,5200,670,1937,594000
4,1.75,1890,6000,780,1947,430000
3,2.75,1560,7392,530,1972,440000
3,3.25,1470,1235,290,2008,300000
5,3.5,2320,4960,600,1926,822500
6,3.75,3010,4360,1010,2014,1125000
3,1.75,1840,8601,920,1905,285000
3,1.75,1820,9545,590,1976,350000
3,1.75,1980,13503,660,1952,810000
4,2.25,2010,7575,790,1974,440000
4,2.5,2750,4800,790,1905,1030000
4,2,3140,10875,1200,1939,775000
5,2.25,4200,5800,1290,1906,1335000
3,1.75,1900,8540,950,1980,235000
3,1,1830,3000,400,1926,499950
5,2.75,3320,23760,1130,1975,622500
4,2.5,2700,10814,1140,1966,300000
2,1.5,1800,26615,560,1987,345000
3,1,1870,2807,290,1927,585000
4,2.5,2540,6365,670,2000,380000
4,2.5,1930,8660,810,1981,250600
3,1.5,1650,9957,550,1961,369500
3,1.75,2350,20820,550,1978,615000
3,1.5,1210,5240,600,1983,305000
5,2.75,3100,10014,1440,1973,975000
3,1.75,1850,6869,750,1919,459950
4,2.75,2020,7070,1010,1958,513000
3,2.25,1580,12177,380,1981,475000
4,2.5,2420,10285,720,1958,760000
5,1.5,2540,6660,200,1954,1120000
5,2.5,3210,12000,1380,1968,725000
3,2.25,1920,4833,860,1921,385000
3,2.5,4310,32093,1800,1982,1735000
3,2.5,1070,1155,350,2005,330000
3,2,2250,8800,1000,1925,589000
2,2.25,3170,3000,1180,1900,1695000
3,1,1460,7200,200,1906,538000
3,1,1540,3399,340,1926,530100
3,2,2910,6600,990,1900,718500
3,1.75,1640,7437,550,1948,556000
4,2,1520,19672,500,1920,171000
4,3.5,3200,3250,530,2007,795000
3,3,1384,1287,240,2006,575000
3,2.25,1410,1287,120,2005,379500
3,2,1510,6710,440,1972,397500
5,2.75,2920,11880,1260,1968,850000
2,1,1980,5000,890,1923,496752
3,2.5,1890,4838,160,2002,269950
3,1.75,2140,9484,850,1953,650000
3,2,1900,8100,950,1940,520500
5,3,2430,8000,1060,1957,506000
3,1.75,1550,4708,690,1949,460000
4,2.25,3040,5000,960,1926,1735000
3,1.75,1990,5560,890,1939,763101
2,1.5,1090,4000,120,1951,460000
3,1.75,1770,8235,740,1960,295000
4,3,2360,6250,900,1960,418000
3,3.5,3380,108900,680,1999,554000
2,1.75,1600,4000,750,1918,690000
5,3,1940,6355,740,2007,300000
4,2,1810,8750,700,1967,304000
4,1.75,1690,4080,820,1984,385000
4,2,1800,2970,800,1923,415000
4,2,1240,3000,200,1908,375000
1,1,960,2640,200,1908,332000
3,1.75,1540,10800,770,1947,500000
4,2.5,2810,9800,1100,1973,825000
4,4,3530,8400,900,1958,1095000
3,2.5,1940,9775,500,1975,545000
3,1.75,1750,12325,280,1968,499000
3,2.5,1830,65340,310,1991,427000
6,1.75,1840,2774,780,1900,660000
3,1.5,1760,6723,600,1958,470000
4,2.5,2240,9826,870,1988,220000
2,1,890,2100,130,1919,460000
3,3.25,2940,5432,500,1978,1712500
3,2.25,2670,7500,1030,1966,465000
3,1,1120,2300,300,1912,552000
4,2.5,1740,7500,520,1976,518000
4,3.5,3290,5414,930,2006,899950
3,1,1770,5720,630,1926,373000
2,1,1200,4880,220,1943,245000
6,2.25,3550,11780,590,1948,450000
4,2.75,2610,4160,700,1910,650000
5,2.5,2760,8015,1160,1960,378000
4,1.5,2220,9496,730,1954,921000
3,1.5,2040,6000,700,1957,335000
4,2.5,3070,34412,1000,1950,1920000
4,3.5,4140,7089,980,2003,850000
3,2.75,2670,3738,950,2013,798800
3,2.5,1350,1186,230,2007,468500
5,1,1710,9100,390,1926,560000
3,2,1870,5909,600,1986,259000
5,3.5,3130,4797,560,2014,866059
3,1.5,1880,7400,400,1968,405000
4,4.25,3010,4887,1070,1951,870000
3,2.25,2280,5750,1130,1985,475000
4,1.5,1550,3000,200,1918,458000
4,1.75,1740,9344,560,1978,204950
3,2,1730,9000,360,1978,430000
3,1.75,1440,12888,350,1958,260000
4,1,1720,2800,520,1926,547000
4,2.25,2030,11585,440,1967,545000
5,6.75,9640,13068,4820,1983,4668000
4,1,1920,13787,700,1966,170000
3,2.5,1530,9406,260,1993,332000
3,3.25,2420,1923,580,2006,1010000
4,3.5,2650,3060,590,2001,1008000
3,1.5,1270,20700,120,1948,260000
4,2.75,3150,38865,670,1986,854000
2,2.25,1230,932,210,2004,479000
3,1.5,1430,7347,610,1980,198000
3,1.75,2180,7700,700,1961,506000
2,1.5,1480,7276,540,1978,269500
3,2,2340,3477,1170,1971,560000
4,3.5,3860,18334,740,1996,840000
3,1.5,1450,7375,440,1968,402000
2,2.75,1430,1425,435,2006,465000
4,2.25,1930,7207,570,1988,280000
6,1.75,2740,6360,1370,1953,675000
3,2,1880,3800,850,1927,667500
3,2.25,2880,7599,1170,1958,1538000
4,2.75,2250,7412,770,1975,345000
4,3.75,4100,22798,1560,1934,2027000
3,3.25,4340,4947,1280,1993,2475000
4,3,3700,20570,1850,1976,1728000
5,2,2700,10875,1160,1962,580000
4,2.5,2650,11520,540,1988,720000
7,4.25,3670,4000,870,1964,824000
3,1.75,2960,12420,1480,1952,936000
3,2.25,1230,1238,150,2009,435000
3,3.5,4360,6240,1400,2008,1555000
3,3.25,2770,6278,790,2006,461000
4,3.25,4290,12103,1600,1997,1384000
3,1.75,1700,8432,470,1977,475000
3,2.25,1720,9000,400,1969,274500
4,1.75,1770,9011,720,1983,264950
3,1.75,2040,6000,920,1958,555000
4,1.75,1980,10800,990,1948,711000
5,2.5,3600,17300,1190,1968,403500
4,2.5,4270,43386,1590,1991,975000
4,2,2030,9600,600,1947,253779
5,2.75,2870,4461,1220,1976,646000
5,3.25,3850,16249,820,2002,507000
3,2.5,1560,9361,200,1936,545500
3,1.75,1180,4080,420,1928,450000
4,1.75,1820,8118,740,1980,264000
3,2.5,2640,6715,960,1991,365000
3,2.75,2200,7000,920,1977,325000
4,1.5,2050,7100,1000,1963,265000
5,1.75,2150,7171,690,1970,279950
3,1.75,1970,8200,550,1963,540000
4,2.5,2660,12672,920,1960,310000
3,2,2020,5500,230,1937,1400000
3,1.75,2920,9370,1300,1981,650000
4,4.25,4850,12445,1000,1989,3000000
3,1.75,1670,6900,500,1978,239950
6,1,1370,5080,250,1931,175000
5,3.5,3450,28324,1100,1972,850000
4,2,1970,10500,150,1961,410000
5,2.5,2240,7543,1100,1966,469000
2,1,1240,6400,180,1938,559000
3,2.5,2420,43177,730,1989,739888
4,3.5,4680,9700,1320,2005,1160000
4,1.75,1770,9375,600,1968,507000
4,2.5,2570,9000,980,1979,287500
3,2,1670,7700,500,1972,424000
3,1.75,1050,6150,100,1928,400000
5,2.25,1870,11411,700,1961,554000
4,2.25,2190,4080,390,1918,855000
5,2.5,2220,9360,1110,1968,299000
3,1.75,1510,4800,650,1925,465000
3,3.5,1360,1419,320,2007,515000
3,2.25,1490,1294,270,2010,309000
2,2.5,1430,923,20,2008,485000
3,2.5,1940,9000,970,1948,576000
3,2.5,2160,3000,900,1909,378750
4,3.25,3620,5131,1270,1927,1525000
4,3,2620,18362,750,1956,659500
3,2,2140,7200,660,1966,346150
4,4.5,4750,13912,1150,2005,1309500
2,1,1620,9205,770,1921,350000
3,2.75,2020,10744,750,1954,519000
5,4.75,5990,10450,1940,2002,2200000
6,2.75,2520,9324,1200,1962,410000
3,2.25,1640,7350,500,1984,221000
4,2.25,2150,20181,1060,1963,380000
2,1,1570,8210,420,1952,506000
4,1,1980,10350,550,1968,395000
3,1.75,1900,3000,830,1903,311000
3,3.5,3870,3819,1110,2002,1440000
3,2,1340,4320,420,1912,186000
4,2.25,2160,5600,1080,1947,756000
4,2,2080,13510,1040,1950,248000
4,2.25,1820,8255,500,1930,399888
4,2.25,2370,6000,930,1959,899000
3,1.75,2310,11200,680,1978,385000
4,2.25,2060,10358,740,1962,558000
3,1,1320,8450,440,1961,232500
4,2,1790,14690,120,1960,240000
6,2,1670,3000,770,1911,680000
4,3.5,3820,13224,540,1990,1240000
4,3.25,2520,3360,970,1931,618250
2,1.75,1590,5136,270,1927,850000
3,1.75,1840,5000,920,1910,499000
4,2.5,2270,9247,770,1972,619850
3,2.5,2840,48716,970,1994,500000
3,2.25,1600,10240,510,1979,390000
3,3.5,3390,10078,350,2012,750000
3,2.75,1910,7280,750,1979,441000
7,3.5,4640,15235,1780,1965,1950000
3,1,1500,4000,600,1925,395000
4,3.5,2970,14486,630,1997,905000
4,2.5,1890,12236,660,1978,378000
3,2,1430,3480,450,1947,450000
4,1.75,2050,10920,600,1974,790000
4,1,2080,5500,1040,1941,480000
3,2.25,2870,8170,620,1995,850000
4,3.25,3940,27591,500,2000,725000
3,1.5,1520,4288,500,1949,380000
3,2.25,1940,11612,840,1981,359950
4,2.25,2870,5453,650,1926,665900
5,2.5,2200,4080,780,1916,547000
2,1.75,1760,4400,880,1930,640000
3,1.75,1780,8085,570,1976,477000
4,2.25,2450,21000,800,1954,455000
3,3.5,1890,1710,250,1999,587206
3,1.5,1860,60960,720,1967,291000
4,2,2200,7700,1100,1979,279000
2,1,1260,3960,570,1925,412000
5,3,3110,12429,1320,1977,436500
3,3.25,3050,18892,1400,1962,950000
1,1,800,16306,120,1931,250000
6,4.25,6900,244716,2080,2002,1135000
5,2.75,3260,11700,1630,1964,681500
5,4,3366,7800,400,1937,1300000
5,3.25,3840,4800,1090,2008,1462497
4,4.5,3850,13551,850,1998,995000
3,2.25,1790,10209,500,1967,425000
4,3,3740,30884,680,1988,869000
3,3.25,2660,4000,490,2003,915000
4,2,3140,10437,1100,1959,925000
6,4.5,5480,10800,1050,1999,2400000
4,3,1630,7626,520,1990,482500
4,2.25,2420,7927,1020,1973,400000
2,1,1240,27042,240,1943,355000
3,2.25,2060,9552,450,1975,885000
5,2.75,2280,10319,980,1959,420000
4,2.25,2170,9665,870,1976,488800
4,2,2120,11479,1060,1940,489000
7,5.5,6630,13782,1700,2004,1240000
5,2.25,2290,7420,1000,1973,359900
3,3,4910,43560,910,1989,1080000
5,3,2630,3149,960,2013,420000
3,3.25,1530,1565,250,2005,654000
2,1,1230,1820,400,1948,375000
3,2.5,2200,20000,800,1952,1100000
4,1.5,1550,9176,550,1956,418000
4,1.75,1780,2788,890,1943,442900
3,1.75,2610,5544,930,1934,750000
2,1.75,1330,6000,370,1914,565000
4,3.5,3530,14406,960,1987,874150
4,2.5,2040,8400,620,1963,500000
3,2.5,2050,40003,480,1977,439500
3,1.75,2870,5000,1030,1907,802000
4,2.5,2130,7300,900,1963,732600
3,2.5,2060,5750,730,1976,577000
3,2.25,2380,11824,930,1972,800000
3,1.75,1560,7207,310,1983,440000
7,3,2800,9569,1400,1963,350000
6,2.75,2660,8400,1110,1962,603500
4,2.5,1850,5040,620,1930,449000
3,2,1200,5029,320,1937,420000
4,2.25,2270,5102,930,1954,735000
3,2.75,1100,750,320,2008,286000
3,3.75,1950,8625,590,1959,345100
3,2.5,1500,1375,300,2014,649950
3,2,1890,1599,460,2012,458500
4,1.75,2110,7208,940,1975,324000
3,2,2950,12196,640,1918,495000
3,1.75,1560,5223,750,1940,399950
3,1.75,1840,7412,600,1976,269500
4,2.5,1830,7345,290,1973,494000
4,1.75,2120,7420,1060,1956,453000
3,1.75,1600,10280,550,1977,442500
4,1.75,1450,8891,270,1962,235000
3,1.75,1270,8100,390,1950,346000
3,1,1150,8145,160,1932,290000
3,2,2420,38781,1210,1949,349900
3,2.25,1470,2500,390,1984,490000
5,2,2130,4180,860,1926,615000
3,1.75,2390,7149,1040,1955,396500
6,2.5,2890,8122,1260,1977,502000
4,2.5,2170,8518,820,1955,415000
4,1.75,2160,4333,900,1942,450000
2,1.75,2260,280962,370,2005,649000
4,3.5,3910,59863,1420,1987,780000
4,1.75,1700,20283,360,1965,400000
3,1.75,1800,6000,900,1905,471001
4,3.75,3520,3944,1320,1913,1220000
3,2,1820,5000,100,1941,750000
4,2,1730,3884,670,1924,569000
3,2.25,1580,39189,400,1992,425000
4,3,3520,4895,1540,1954,800000
4,2.5,2650,30500,970,1960,715000
3,2.25,1780,7280,440,1972,449500
5,3.5,3500,10155,930,1996,905000
3,1,1830,8004,630,1960,403500
3,1.5,1420,1192,280,2008,345000
3,2.25,1300,907,300,2006,562500
5,3,3190,7081,1300,2013,664950
5,3.25,2910,5027,870,2013,515000
3,2.5,3310,5300,870,2008,670000
3,1.75,1520,6380,730,1948,438000
4,1.75,2330,5000,820,1929,687500
3,2.5,3170,12750,810,1995,405000
3,3.5,2130,6150,600,1908,819000
3,1,1660,11783,500,1978,367500
4,2.75,2610,8760,850,1978,762500
3,2.5,2410,64073,590,1976,625000
2,1.5,1580,3680,300,1941,530000
2,1,1270,5000,180,1949,615000
2,2.25,2550,6000,690,1902,660000
4,1.75,2700,27072,1320,1958,314900
2,1,2034,13392,875,1947,549000
3,2,1230,11413,240,1984,400000
6,2.75,2840,8346,1420,1961,665000
5,4.75,6390,13180,1830,1940,2466350
4,2,2470,5080,500,1948,339000
3,1.75,1720,4080,760,1924,615000
4,3.25,3090,9571,720,2004,751000
4,1.75,2320,3825,500,1926,941000
3,2.5,1500,5412,600,1920,485000
3,1,1100,4128,380,1942,339000
3,1,1490,7435,370,1969,258000
2,1.5,1200,1259,200,2013,455000
4,2.5,1890,8505,600,1980,437000
3,1.75,2200,9840,700,1978,689000
4,2.5,2510,7992,900,1978,319000
3,1.75,2000,9900,520,1957,440000
3,1,1480,7284,510,1963,336500
4,1.75,1850,6000,580,1944,230000
3,2.25,1430,2003,450,1996,457500
3,1.75,1840,11440,500,1977,366000
4,2.5,3220,15600,1540,1973,1250000
4,1.75,1760,6204,580,1950,343500
4,3.25,4690,14930,1010,1995,600000
5,2.5,2360,11375,1180,1962,317000
3,2.25,3060,9950,1250,1930,970000
3,2.25,1670,7881,480,1977,252000
3,1.5,1820,5756,180,1946,683500
3,2.5,1970,9607,880,1988,289000
2,2.25,930,747,300,2007,355000
4,1.75,1540,5120,770,1943,395000
5,2.75,2730,22572,650,1968,599000
3,2,2540,4750,700,1930,845000
4,3,3330,4000,1540,1958,850000
3,2.25,2400,5000,960,1926,575000
4,2.25,3550,13900,1720,2010,859000
4,1,2550,4000,180,1905,890000
3,2.5,2180,7508,760,1962,400000
3,4.5,4380,47044,660,1968,995000
4,3.5,3770,37034,940,1989,1229000
4,1,1530,8890,550,1925,352000
4,4,3570,8250,710,2013,597326
3,2.5,1670,8364,370,1990,270000
2,0.75,1440,3700,240,1914,562100
5,3.5,3100,10200,1440,1970,905000
3,1.5,1840,5000,500,1915,750000
4,2.25,2100,9984,810,1973,418800
4,2.5,2180,3375,760,1926,657000
4,2.25,2050,9583,280,1965,386000
5,3,2790,19439,1290,1973,589950
3,2.25,1700,3333,600,1924,575000
5,2,2000,4211,720,1908,690500
3,1.5,1190,4750,220,1940,500000
6,2.25,3040,28535,1150,1951,330000
3,1.5,2330,11740,1000,1954,450000
4,2.75,2840,4000,880,1912,870000
4,2,1780,5336,850,1918,315000
5,3.25,4500,9648,1500,1968,860000
4,2.25,2000,3672,350,1926,402000
6,2,1900,8240,700,1964,305000
3,1.5,2680,4775,800,1913,1355000
3,2.25,1640,8400,460,1968,245700
4,2.75,1910,16532,490,1940,650000
5,2.25,2140,7910,1070,1962,530000
3,2.25,2680,9162,1110,1978,599990
5,3.5,5850,22885,1180,1978,1700000
2,1,2060,8398,800,1962,270000
3,2.25,1270,1406,210,2014,594000
4,2.75,2310,5650,980,1952,450000
5,2.5,2700,16570,950,1967,744500
4,2.5,2760,6000,530,1942,760000
2,1.75,1610,6300,600,1941,346500
3,1.5,1580,8184,440,1954,260000
3,1.75,1620,6000,580,1947,640000
5,3.25,3160,5000,980,2005,957000
5,2.5,2700,21208,750,1955,625000
4,1.5,1880,6200,440,1954,680000
2,1,1380,4390,500,1931,450000
4,2.75,2890,6825,1330,1973,585000
4,2.5,1950,2617,700,1910,519000
2,2.25,1350,1493,300,2007,395000
3,1.75,2450,2691,700,1915,937000
4,1.75,2085,174240,475,1964,563500
3,2,1700,11475,730,1945,225000
3,2.5,1730,8490,520,1969,460000
2,1.75,1950,10766,790,1952,669000
6,3,3110,5000,1300,1921,725000
4,3.5,3320,19850,1280,1977,1025000
5,3.5,2720,7598,860,1993,690000
4,2.5,3200,22651,1590,1970,385000
3,2.75,2850,14800,930,1976,775000
3,2.75,2600,5875,1000,1929,805000
5,2,2080,16117,340,1959,254000
6,3.5,3600,6875,860,2004,620000
4,2.75,2110,8751,600,1962,435000
4,2.5,2550,19017,1250,1961,460000
2,1.5,1370,1221,290,2008,446000
4,2.75,2530,7350,1250,1977,354950
5,3,3690,49709,1000,1960,575000
4,2.5,1940,10200,800,1977,315000
4,2.5,2160,7826,770,1976,440000
4,2.25,2600,9900,1000,1965,270000
4,2.75,2880,4000,780,1912,755000
3,2.5,2490,4000,820,1918,1145000
3,3,3760,8500,700,1910,1250000
4,1.75,1720,6975,300,1975,580000
4,2.5,2480,16360,970,1959,560000
2,1.75,840,3340,140,1912,450000
4,3.5,3190,5040,1030,2003,1340000
3,3.25,3740,136915,640,1990,710000
4,2.75,2620,4743,1310,1949,815000
3,2,1660,3729,690,1922,638000
3,2.5,3240,8016,330,2004,600000
3,1.75,2430,5000,670,1945,626000
3,1,1640,12384,550,1954,253500
3,1,1310,9612,350,1962,150000
3,1.5,2120,6290,900,1949,440000
3,1.75,3320,478288,1060,1933,667000
4,3,4040,20001,2020,1972,1388000
4,3.5,3370,5000,900,2008,900000
5,3,4480,5000,1060,1902,1990000
3,3,2480,5500,750,1950,1387800
4,2.5,3230,12100,1360,1977,827000
5,2.5,2500,9583,1200,1979,235000
3,1.5,2380,14500,530,1961,370000
3,2,1480,3876,620,1928,663000
4,3,1930,3031,730,2006,330675
4,3.25,3060,3898,760,2014,782900
3,3.25,1370,913,270,2006,390000
3,2.25,2400,5300,1150,1939,672500
4,2.25,2020,8424,640,1979,464900
4,2.25,2300,7700,920,1959,417000
4,2.75,2300,37533,750,1979,453000
3,2.5,1660,1545,260,2002,700000
4,3,3900,9750,1380,1972,1619999
4,2.5,2110,35091,820,1985,460000
3,1.75,1960,6380,980,1939,561500
4,1.75,2440,7350,830,1978,330000
3,1.75,2410,8944,550,1967,415000
3,2.5,1630,7950,310,1985,279000
5,1.75,2330,14322,1150,1968,350000
4,2.25,3190,11597,890,1984,750000
2,1,1050,2570,200,1927,430000
5,2.5,2500,7200,1010,1977,661500
5,2.75,3650,13297,900,1969,1195000
5,2.5,3260,24300,950,1950,755000
6,4,3120,4240,1030,1993,315000
5,1.75,1890,5000,800,1906,523460
3,1.75,1780,10409,500,1981,342000
4,4.25,4390,13833,1070,2003,1050000
2,1.5,1640,4080,100,1916,710000
4,1.75,2860,48351,1150,1978,530000
5,1,1170,6757,370,1944,397000
3,1.5,1200,6240,170,1952,718500
4,1.75,2420,37800,540,1981,602000
3,3.25,2310,3075,580,2005,589500
3,2.25,1490,1212,450,2011,735000
1,1.5,1170,1456,100,2007,235000
3,4.25,2820,7200,360,1930,1600000
3,1.5,1500,5000,360,1927,470000
2,1,1050,2542,170,1904,650000
5,2.5,2670,16777,1050,1920,585000
4,2.5,2190,11500,760,1972,699900
3,2.5,1700,9100,540,1998,475000
3,1.75,1700,17355,500,1978,314500
3,3.5,1360,1275,120,2007,397000
5,2.75,2130,6222,830,1991,325000
4,2.75,2950,15540,830,1974,402000
3,3,3790,5001,980,1989,1165000
3,1.75,3600,8666,1200,1948,461000
4,2.25,2500,4046,980,1940,669500
3,2.25,2090,10733,650,1958,491950
4,2,1360,60548,400,1960,263400
3,2.75,1300,14197,440,1996,245000
3,1,1580,6300,400,1925,535000
4,3,2330,3497,410,2003,490000
4,2.25,2070,39446,600,1977,445800
3,2.25,1720,9600,500,1967,550000
2,1.5,1190,3400,200,1919,441000
5,4.25,4830,8050,1120,1914,1925000
5,3.25,2820,6589,500,1906,408000
4,3,2440,9664,550,1981,480000
4,2.75,3220,4392,900,1931,880000
5,3.5,5000,26540,1590,2008,1730000
4,1.5,2750,128502,1250,1958,550000
2,1,1320,9967,380,1919,255000
3,2.5,3350,4007,800,2005,635000
3,2.5,2650,2387,820,1920,850000
2,2,1860,10856,600,1952,265000
4,1.75,2010,6300,400,1937,972000
3,2,1890,29185,420,1949,570000
4,2.5,2680,12215,1090,1956,1309500
3,2.5,1460,1613,280,2007,544000
3,2.5,3180,7904,1370,2006,439000
4,2,1880,3840,910,1904,435000
5,3,2870,5700,920,1964,765000
4,1.75,2120,9786,480,1967,492650
3,2.5,1220,1330,210,2008,457000
3,3.5,3830,221284,300,1993,800000
3,2.5,3660,39478,400,1989,530000
4,3.5,3400,3850,610,2008,1198000
3,2.5,1680,11312,600,1959,330000
2,1,950,4500,100,1926,500000
2,1,1250,3825,400,1929,459500
4,1.75,2550,8976,1250,1978,328950
6,2.75,2630,9420,120,1900,1297000
4,3.25,4350,112750,2150,2006,850000
3,1.75,2050,9580,650,1984,540000
3,1.75,1990,9594,800,1977,507500
5,5.5,7050,42840,2730,1978,3800000
3,2.25,2440,47916,350,1991,485000
3,1,1640,12855,140,1920,1014250
4,2.5,2840,12866,1060,1977,729032
3,2.75,3890,7216,630,1967,1080000
4,2.75,3770,10900,700,1924,1695000
3,2,1410,6413,500,1947,590000
3,2,2500,4080,820,1922,695000
3,2,2570,28500,600,1983,660000
3,2.75,2090,9620,750,1987,300000
5,2.25,2980,7781,1400,1960,600000
5,3.25,3350,4000,840,1997,1110000
2,2.5,1050,1029,100,2007,332888
5,2.25,3740,32481,1500,1958,392000
3,3.25,3140,5445,900,1913,1640000
4,2.5,2180,10140,1000,1968,540000
4,3,2130,6325,690,1948,620000
3,2,1240,11172,240,1984,401000
5,3.25,3130,12087,950,1975,500000
3,1.75,2530,35150,730,1977,375000
4,4.75,3970,9778,580,1928,2300000
3,2.25,1920,9680,620,1961,260000
4,2.75,2970,12750,840,1918,1565000
4,1.5,1550,5053,370,1963,433000
4,2.75,2200,9778,1100,1962,505000
3,2.25,3530,17450,1690,1930,2367000
4,3,2890,6885,1300,1945,476000
4,3.5,4270,5800,1100,1937,1356925
3,2.5,2390,1984,170,2008,629800
3,2.5,1450,1053,510,2008,460000
2,2.5,1160,1458,120,2012,525000
5,2.25,2900,10300,1450,1985,675000
3,1.75,1540,3000,770,1920,512031
3,2.5,3280,10302,1600,1970,1075000
4,2,2430,8960,1000,1960,255000
3,2,1660,15050,400,1983,453000
5,3.25,3760,9792,1210,1984,851000
3,2.25,2080,12134,550,1973,605000
4,2.25,1950,5950,620,1947,895000
5,2.25,2570,13054,1100,1950,519000
3,1.75,2330,12141,940,1983,535000
3,2.25,1920,7738,400,1965,250000
3,2.25,1900,3960,700,1905,580000
4,2.25,2940,48788,1420,1961,605000
4,3.5,2500,3080,690,2008,599950
5,1,1590,6700,500,1942,185000
4,3,3550,12327,1370,1990,720000
3,1.75,2680,8625,1090,1974,575000
3,2.5,2390,34041,550,1984,339950
3,3.75,2670,6517,650,1977,732000
4,1.75,2400,7700,900,1927,389000
3,1.75,2270,11472,900,1956,645000
4,2.75,2160,5005,730,1987,550000
2,1,2160,12960,800,1968,305000
2,1.5,1570,3600,250,1906,782000
5,2,2190,9072,1080,1965,600000
4,2.25,2430,4748,800,1928,723000
3,3,1820,1641,280,2006,625000
4,2,2100,13468,1050,1962,475000
2,1,1310,7128,370,1980,253000
4,2.5,2190,9880,780,1979,630000
5,2.5,2950,5500,1230,1918,660500
5,1,1870,7800,290,1962,262000
3,3.5,4660,5500,1620,1909,2147500
2,2.5,3180,9400,570,1985,1411600
2,1,1500,4000,400,1933,736000
3,1,1580,7424,570,1962,305000
4,3.5,3390,3979,780,2014,1054690
3,2.5,2280,2502,400,2006,567500
3,4.5,3850,62726,730,2013,915000
4,1.75,2600,11325,990,1969,304900
4,2.25,2230,7200,930,1963,400000
3,1.75,1830,7969,900,1950,312500
3,1,1740,10875,720,1962,267000
3,1.75,1530,6743,120,1955,575000
3,2.5,3230,5000,800,1945,850000
3,3.25,3620,4000,890,2005,1015000
4,1.75,2080,7200,1030,1966,198000
4,2.5,2230,8624,800,1969,565000
5,3,3420,18129,880,1952,1195000
8,2.75,2790,6695,1320,1977,340000
5,3,2190,4900,700,1940,588000
3,2.5,2780,33503,670,1969,1140000
3,2,2300,13418,870,1955,610000
4,2.5,2020,4350,290,1943,554729
5,1.75,1840,10453,480,1948,395000
4,2.25,2060,11385,860,1962,264500
3,1.5,1810,5080,780,1958,430000
4,3.25,2980,3600,830,1999,1625000
2,2.75,1350,1252,230,2006,405500
4,2.5,2360,10000,380,1977,633000
4,2.5,2800,10786,1380,1970,605000
5,3.25,2740,9629,1350,1977,515000
3,2.5,1930,1348,630,2005,439990
2,1.75,1410,1005,510,2011,399900
4,4.25,5010,19412,1010,2014,2351956
4,2.25,2920,6513,660,1937,1738000
4,3,3130,5700,1380,1953,671000
3,1.75,1470,4950,440,1984,459500
3,2.5,1540,1326,150,1995,499000
4,2.5,3160,4620,1140,1917,1280000
3,1.75,1320,2500,450,1918,530000
4,1,1660,4704,400,1930,548800
4,3,3040,36246,360,1923,870000
4,3.25,4100,241322,1600,1981,775000
6,3,4050,36171,1430,1970,670000
3,2.25,1680,9090,550,1959,480000
6,3.5,3000,8401,1500,1979,527000
3,1.75,2220,11646,950,1950,320000
4,2,2600,4800,1200,1953,780000
2,1,1500,6685,310,1926,245000
2,1.5,1130,746,100,2009,536000
3,2.75,1830,1850,140,2011,593000
2,2,1580,5750,790,1910,558000
5,2.5,2510,8050,1020,1977,475000
3,2.5,3110,6765,560,1946,1636000
3,2.75,2760,8476,1070,1967,821000
5,2,2800,17788,1400,1963,665000
4,2,2530,5650,620,1910,631500
3,2,1640,2808,820,1924,570000
2,1,1060,7700,240,1981,170500
4,3.25,3770,4103,1060,1925,1450000
3,2.5,1601,2491,65,2007,378000
2,2.25,1060,1209,120,2006,505000
5,2.5,2820,9375,1270,1968,527700
2,1,1080,2674,360,1919,315000
3,2.25,2120,14915,400,1979,332000
3,2.25,1900,46609,460,1969,600000
2,2.5,2560,2500,870,1901,780000
4,2.25,2600,6390,1210,1978,245000
2,1,1060,3040,200,1924,480000
3,2.25,2220,4060,890,1993,330000
5,2.75,2510,9180,910,1975,695500
5,2.5,2340,13713,670,1967,235500
3,2.5,3420,25150,1670,1987,789900
4,2.25,1950,9800,620,1968,560000
4,2.25,2060,7283,840,1963,410000
3,1,1650,6400,670,1954,371500
4,1.75,2100,11942,1070,1964,368000
4,3,3720,57499,1840,2003,650000
4,3.5,5270,53428,1830,2004,782000
4,2.25,1900,7200,530,1977,485000
4,2.75,2230,9640,910,1998,435000
4,2.75,2250,3433,750,1927,1050000
4,3,3580,9316,1210,1991,711600
3,2.75,3176,13391,450,1985,819000
4,2.5,3180,31931,790,1978,1115000
3,2.25,1940,5980,420,1987,580000
3,2,1550,6039,720,1942,430000
4,3.5,3960,6654,1110,2006,1195000
3,1.75,1660,9673,530,1976,375000
3,1.75,1550,9720,500,1976,255000
2,2.5,1785,779,190,1975,530000
5,2.75,3500,5040,550,1927,970000
3,2,2560,14680,1230,1987,599000
4,5.25,6500,14986,1320,2001,2458000
4,1.75,2790,17476,1340,1956,568000
2,1.5,1920,3408,960,1912,517000
3,2.5,3490,8343,1340,1939,1675000
6,2.75,4710,11000,1020,1931,2180000
3,2.5,3480,7800,1730,1941,950000
3,3.5,2490,3582,770,2005,550000
4,2.5,1984,32400,420,1962,380000
4,3.5,3370,3634,620,2007,812000
3,3.25,1450,1387,270,2013,320000
5,2.75,1970,5400,650,1986,399950
3,2,1970,4166,700,1929,550000
3,1.5,1940,9887,800,1969,232500
4,3.5,3550,11000,1290,1999,1355000
4,2.75,2910,18700,700,1957,749950
3,1.75,2140,40098,650,1950,507000
4,1.75,1880,8800,750,1960,284000
3,3.25,2220,8227,450,1929,569000
6,3.75,4000,6015,920,2004,570000
5,3.25,3320,11340,840,1999,409124
5,1.5,1730,9230,720,1962,287000
4,1.75,2000,3988,1000,1958,810000
4,2.75,2910,6308,1270,1985,525000
4,2.75,2100,4480,320,1928,679000
6,4.5,4230,6420,1870,1916,1465000
3,1.75,1660,6250,830,1980,410000
3,1,1450,7200,440,1969,306000
4,2.5,2920,5500,890,1957,1250000
2,1,1320,8830,300,1939,425000
5,2.75,2550,7725,1160,1967,480000
4,1.75,2150,9000,1040,1966,550000
3,2,2250,14274,750,1964,624800
3,2.5,2650,9380,970,1975,590000
4,2.25,2010,7688,840,1979,229000
3,2,1780,5720,800,1925,680000
5,2.5,2850,209523,920,1925,450000
4,2.5,2100,8400,860,1976,468000
4,2.25,2380,17199,850,1979,470000
7,2.5,2580,5750,700,1901,599000
4,1.75,2100,4750,760,1975,759000
4,1.75,1820,5015,630,1926,300000
5,5.25,4830,18707,900,1952,1681000
3,1.5,1550,4980,470,1978,359000
4,3.25,4280,47179,1230,2002,734950
4,3.5,3650,38546,1100,1996,696000
4,2.5,2230,4372,690,1935,900000
3,1.75,3160,76230,1000,1978,625000
3,1.75,1850,5100,830,1909,580000
3,2.25,1980,8755,680,1963,309000
4,3.5,3360,9767,910,1990,412000
4,2.75,2700,6000,600,1910,749000
5,4.75,5780,17004,1520,2006,2321000
4,3.25,3730,4560,970,2013,595000
5,3.5,5430,10327,1420,2007,1240000
2,2,2930,14057,1250,1980,545000
2,2.5,2410,102366,470,1912,600000
6,2.75,2980,5000,500,1916,775000
2,1.75,1950,2719,940,1919,725000
4,2.75,2600,36583,1020,1976,610000
4,2,1840,5419,920,1942,639000
3,2.75,2220,4000,520,1914,800000
3,1.75,1580,9187,400,1993,263000
6,2.5,2640,3680,880,1922,880000
3,2,2320,10960,810,1956,657500
3,2.5,1770,1235,170,2007,436110
3,1.5,1620,6630,340,1954,620000
4,2.25,1740,8449,570,1958,455000
3,2.5,2970,23100,1460,1967,400000
5,3.25,3240,6551,740,1939,1234582
4,2.75,3150,67518,900,1965,370000
3,2.25,1820,8008,580,1981,475000
4,2.5,2130,35752,640,1980,580000
3,2.25,1670,1596,450,2002,505000
3,2.5,2700,1438,1420,2003,670000
4,2.25,2160,8119,1080,1966,440000
3,2.5,2190,11394,640,1956,1289900
4,1,2100,9200,1050,1959,2110000
4,2.75,3260,19542,1090,1968,188000
4,2.5,2800,5900,1140,1963,744312.5
4,2.75,2600,5390,1300,1960,0
6,2.75,3200,9200,1600,1953,0
5,3.5,3480,36615,990,1983,0
3,3.5,3020,4082,940,1954,439333.333333
3,2.25,1970,11088,790,1967,280000
5,1.5,1500,7112,740,1920,0
3,2.5,2280,2289,400,2006,500324
4,3,2920,33976,1460,1964,537500
4,2.25,2170,10500,900,1960,0
3,1.5,1770,17208,610,1959,254000
4,2.5,2550,10000,1260,1964,642000
5,4.5,4630,6324,1420,2006,0
4,4.5,5030,11023,1780,2008,0
4,1.5,2180,22870,900,1954,0
3,2,1510,7066,280,1973,300000
4,2.5,1840,1562,440,2004,274750
4,1,1530,7200,130,1948,135333.333333
3,1.75,2150,4333,950,1956,440825
5,3.75,5340,10655,1600,1912,195000
4,1.75,2420,7672,940,1979,257500
4,2.5,1860,6687,640,1983,268971.875
4,3.75,3300,4545,700,1926,0
4,1,1310,5200,150,1945,266066.666667
5,2.25,2000,7900,700,1986,0
3,3,1860,7440,820,1954,0
4,3,4060,35621,2030,1989,316850
4,2.5,1720,9600,600,1961,328211.904762
3,2,1300,3731,400,1993,450385.714286
3,1.75,2930,19876,900,1993,408900
2,1,1500,4120,620,1928,156766.666667
5,3.5,5960,13703,1190,1984,452500
2,1,1090,5000,360,1942,287919.782609
3,2.5,1840,3035,920,1926,678333.333333
5,2.75,2910,36250,1320,1977,542804.75
5,2.75,2740,5616,1070,1925,0
4,2.25,2290,5350,170,1958,535000
4,2,2580,6000,1280,1950,596165.428571
4,2.25,2980,8051,960,1935,535000
3,1.75,1980,6250,890,1910,440825
3,2.5,1710,1664,410,2003,2560498
3,2.75,2340,16500,840,1972,237333.333333
2,1,1470,7137,450,1941,458663.888889
4,2.5,3700,21755,1080,1988,812650
5,2.75,2910,53898,1400,1979,0
5,2,1910,7200,800,1951,0
3,2.5,2880,13500,1360,1950,0
3,1.75,1590,8219,620,1938,387884.615385
5,3.5,3690,11928,1150,2006,437500
4,1,2080,3500,820,1926,0
3,2.5,2210,10119,760,1966,210614.285714
4,3.25,2420,4000,550,1911,790000
3,3.5,1240,1666,240,2008,435500
3,2.5,2300,3060,790,1930,738190.857143
3,1.75,1760,12874,530,1967,497333.333333
3,2,2020,8555,800,1957,300000
4,3.25,2500,5801,540,1926,1036200
4,1.75,1580,5340,450,1947,351250
3,2.75,2750,18029,940,1978,540000
3,2,1570,7000,520,1971,233166.666667
3,2.25,2110,7665,750,1973,225279.428571
5,3,3330,19126,720,1977,950833.333333
3,1.75,1880,11249,550,1985,248400
4,2.25,2870,6280,890,1905,994500
4,2.5,1960,11600,980,1931,0
4,1,1810,7500,400,1959,0
3,4.5,5230,17826,1490,2005,0
5,2.5,3390,9760,1640,1978,288500
2,1,2550,21675,940,1958,180785.714286
4,5,4550,18641,1950,2002,0
3,1.75,2000,7560,700,1968,325187.5
3,1.75,1570,15330,490,1956,289987.5
3,2.5,1630,7700,510,1978,264270
3,1,1750,7800,600,1956,251555.555556
4,3,2370,3672,720,1916,471500
4,4.25,3500,8750,1360,1951,0
5,2.75,2520,16100,950,1960,542500
2,2.25,2130,4920,600,1941,0
3,2.5,1530,3210,520,1928,558653.846154
2,1.75,1530,3503,700,1916,318000
6,4.5,3830,4800,780,1919,1288333.33333
3,1.75,1490,1036,400,2008,584000
3,3,2470,7410,610,1977,245000
2,1.75,1990,4000,900,1952,454790
3,1,1560,7552,650,1948,282508.888889
3,1.5,1740,4200,100,1920,473200
4,2,1700,8640,850,1955,282766.666667
3,1,1890,3330,500,1901,486895
3,2.25,1620,1075,80,2009,430277.777778
3,1,1040,8892,240,1958,182805
3,1.75,1880,5752,940,1945,396166.666667
4,2,2090,6630,1020,1974,203400
